,Culmen Length (mm),Culmen Depth (mm),Flipper Length (mm),Body Mass (g),Delta 15 N (o/oo),Delta 13 C (o/oo),MALE,FEMALE,,Adelie Penguin (Pygoscelis adeliae),Chinstrap penguin (Pygoscelis antarctica),Gentoo penguin (Pygoscelis papua)
0,0.2545454545454545,0.6666666666666666,0.15254237288135594,0.2916666666666667,0.46012171657238626,0.41234975694302145,1,0,0,1,0,0
1,0.26909090909090905,0.5119047619047618,0.23728813559322035,0.3055555555555556,0.5504504353930237,0.7193108976839054,0,1,0,1,0,0
2,0.29818181818181805,0.5833333333333334,0.3898305084745763,0.1527777777777778,0.30753706272667997,0.5216922995973217,0,1,0,1,0,0
4,0.16727272727272732,0.7380952380952381,0.3559322033898305,0.20833333333333334,0.47396416573348277,0.5244036436006404,0,1,0,1,0,0
5,0.26181818181818167,0.892857142857143,0.3050847457627119,0.2638888888888889,0.4315321488860293,0.5325160096196999,1,0,0,1,0,0
6,0.24727272727272717,0.5595238095238096,0.15254237288135594,0.2569444444444444,0.6497384299109157,0.5572957129194303,0,1,0,1,0,0
7,0.25818181818181823,0.773809523809524,0.3898305084745763,0.5486111111111112,0.763985225050559,0.6558481152135491,1,0,0,1,0,0
8,0.07272727272727272,0.5952380952380955,0.3559322033898305,0.2152777777777778,0.46012171657238626,0.41234975694302145,0,0,0,1,0,0
9,0.35999999999999993,0.8452380952380951,0.3050847457627119,0.4305555555555556,0.6273587270812793,0.5957714176057844,0,0,0,1,0,0
10,0.2072727272727271,0.4761904761904764,0.23728813559322035,0.16666666666666666,0.41793969681268883,0.5587937614326794,0,0,0,1,0,0
11,0.2072727272727271,0.5000000000000001,0.13559322033898305,0.2777777777777778,0.46012171657238626,0.41234975694302145,0,0,0,1,0,0
12,0.32727272727272727,0.5357142857142859,0.1694915254237288,0.1388888888888889,0.46012171657238626,0.41234975694302145,0,1,0,1,0,0
13,0.23636363636363636,0.9642857142857142,0.3220338983050847,0.3055555555555556,0.46012171657238626,0.41234975694302145,1,0,0,1,0,0
14,0.09090909090909091,0.9523809523809526,0.4406779661016949,0.4722222222222222,0.38593287760525496,0.5548536462315103,1,0,0,1,0,0
15,0.16363636363636364,0.5595238095238096,0.22033898305084745,0.2777777777777778,0.46012171657238626,0.41234975694302145,0,1,0,1,0,0
16,0.24000000000000005,0.7023809523809524,0.3898305084745763,0.20833333333333334,0.648944527084622,0.6040571115519967,0,1,0,1,0,0
17,0.3781818181818181,0.9047619047619047,0.423728813559322,0.5,0.435886079122863,0.581456387907901,1,0,0,1,0,0
18,0.08363636363636354,0.6309523809523808,0.2033898305084746,0.1736111111111111,0.35352492854874573,0.5525910977538556,0,1,0,1,0,0
19,0.5054545454545454,1.0,0.3728813559322034,0.4166666666666667,0.6200631779512297,0.695252362366793,1,0,0,1,0,0
20,0.2072727272727271,0.6190476190476192,0.03389830508474576,0.19444444444444445,0.46189266433788495,0.5957249904824394,0,1,0,1,0,0
21,0.2036363636363637,0.6666666666666666,0.13559322033898305,0.25,0.43059200080225996,0.6049887491604427,1,0,0,1,0,0
22,0.13818181818181807,0.7261904761904762,0.288135593220339,0.3055555555555556,0.664647089301533,0.6140141819386111,0,1,0,1,0,0
23,0.22181818181818186,0.5952380952380955,0.22033898305084745,0.3472222222222222,0.3351230967224346,0.5546184154732318,1,0,0,1,0,0
24,0.24363636363636348,0.488095238095238,0.13559322033898305,0.3055555555555556,0.8387541575437484,0.5323581574003292,1,0,0,1,0,0
25,0.11636363636363621,0.6904761904761904,0.2542372881355932,0.3055555555555556,0.6604937239892366,0.8224533949060158,0,1,0,1,0,0
26,0.3090909090909091,0.654761904761905,0.1864406779661017,0.2361111111111111,0.5464433153382029,0.5124502069102129,1,0,0,1,0,0
27,0.3054545454545454,0.5714285714285713,0.2542372881355932,0.1388888888888889,0.18768698500777162,0.47171814402931744,0,1,0,1,0,0
28,0.2109090909090908,0.654761904761905,0.0,0.125,0.3141515268004883,0.563368380652889,0,1,0,1,0,0
29,0.3054545454545454,0.6904761904761904,0.13559322033898305,0.3472222222222222,0.529854924704585,0.588835205378118,1,0,0,1,0,0
30,0.26909090909090905,0.4285714285714285,0.1016949152542373,0.1527777777777778,0.8629974427972119,0.5900299300188493,0,1,0,1,0,0
31,0.1854545454545455,0.5952380952380955,0.1016949152542373,0.3333333333333333,0.8755661780682252,0.6216096593177685,1,0,0,1,0,0
32,0.26909090909090905,0.5595238095238096,0.2711864406779661,0.16666666666666666,0.8494885594424293,0.6061339515362739,0,1,0,1,0,0
33,0.3199999999999999,0.6904761904761904,0.2033898305084746,0.3333333333333333,0.4865579716200631,0.5796054932572339,1,0,0,1,0,0
34,0.15636363636363626,0.4642857142857143,0.3898305084745763,0.1736111111111111,0.646099012217747,0.5533896442753813,0,1,0,1,0,0
35,0.25818181818181823,0.9523809523809526,0.4067796610169492,0.4027777777777778,0.635489963396901,0.614029657646392,1,0,0,1,0,0
36,0.24363636363636348,0.8214285714285714,0.3050847457627119,0.3472222222222222,0.6508540723036553,0.5868357439327486,1,0,0,1,0,0
37,0.3672727272727273,0.6428571428571429,0.13559322033898305,0.2361111111111111,0.1736850462135012,0.47148600841259497,0,1,0,1,0,0
38,0.2,0.7380952380952381,0.15254237288135594,0.16666666666666666,0.7433897143621202,0.6118630585569833,0,1,0,1,0,0
39,0.27999999999999986,0.7142857142857144,0.2033898305084746,0.5416666666666666,0.46012171657238626,0.41234975694302145,1,0,0,1,0,0
40,0.15999999999999995,0.5833333333333334,0.1694915254237288,0.125,0.8595585900285806,0.8034182743347769,0,1,0,1,0,0
41,0.31636363636363624,0.6309523809523808,0.3898305084745763,0.3333333333333333,0.46012171657238626,0.41234975694302145,1,0,0,1,0,0
42,0.14181818181818176,0.6428571428571429,0.23728813559322035,0.1111111111111111,0.7836740151426522,0.6139584693905976,0,1,0,1,0,0
43,0.43636363636363634,0.7857142857142856,0.4067796610169492,0.4722222222222222,0.6706389664220888,0.7711730896012532,1,0,0,1,0,0
44,0.17818181818181814,0.4523809523809522,0.22033898305084745,0.08333333333333333,0.7235881064999751,0.6193656816894519,0,1,0,1,0,0
45,0.2727272727272727,0.6785714285714287,0.3050847457627119,0.5277777777777778,0.776712740886831,0.902540182675254,1,0,0,1,0,0
46,0.32727272727272727,0.7023809523809524,0.1694915254237288,0.2013888888888889,0.46012171657238626,0.41234975694302145,1,0,0,1,0,0
47,0.19636363636363632,0.6904761904761904,0.11864406779661017,0.0763888888888889,0.46012171657238626,0.41234975694302145,0,0,0,1,0,0
48,0.14181818181818176,0.5714285714285713,0.3050847457627119,0.20833333333333334,0.7879025923016496,0.6009867311281477,0,1,0,1,0,0
49,0.37090909090909074,0.9642857142857142,0.3220338983050847,0.4027777777777778,0.521335093847671,0.5673734938267401,1,0,0,1,0,0
50,0.2727272727272727,0.5476190476190476,0.23728813559322035,0.2222222222222222,0.34846484264010313,0.2750497544005179,0,1,0,1,0,0
51,0.2909090909090909,0.6904761904761904,0.2711864406779661,0.4444444444444444,0.36829569955374286,0.14315648726194521,1,0,0,1,0,0
52,0.1054545454545454,0.5714285714285713,0.3050847457627119,0.20833333333333334,0.23532533302134334,0.26197587646671067,0,1,0,1,0,0
53,0.35999999999999993,0.7619047619047619,0.4745762711864407,0.375,0.3546447493774131,0.21787939471411794,1,0,0,1,0,0
54,0.08727272727272722,0.5952380952380955,0.2542372881355932,0.05555555555555555,0.3284960973408432,0.14589259239771338,0,1,0,1,0,0
55,0.3381818181818181,0.654761904761905,0.3220338983050847,0.2777777777777778,0.301582791529475,0.2290435703076883,1,0,0,1,0,0
56,0.25090909090909086,0.5238095238095238,0.23728813559322035,0.2361111111111111,0.39268523006468203,0.2930046705686086,0,1,0,1,0,0
57,0.3090909090909091,0.6785714285714287,0.3559322033898305,0.3055555555555556,0.39049155120255363,0.31883362685592415,1,0,0,1,0,0
58,0.15999999999999995,0.41666666666666685,0.15254237288135594,0.041666666666666664,0.6044441844528757,0.35191140466809256,0,1,0,1,0,0
59,0.2,0.7142857142857144,0.3728813559322034,0.2916666666666667,0.616653574234093,0.3472036943609617,1,0,0,1,0,0
60,0.13090909090909095,0.4523809523809522,0.22033898305084745,0.125,0.5567849442596647,0.18852816733573327,0,1,0,1,0,0
61,0.33454545454545437,0.9523809523809526,0.3898305084745763,0.4722222222222222,0.46623823770286327,0.19822834097317463,1,0,0,1,0,0
62,0.2,0.4642857142857143,0.22033898305084745,0.25,0.396295398706356,0.2484934398474721,0,1,0,1,0,0
63,0.32727272727272727,0.6071428571428571,0.3389830508474576,0.375,0.41384900803931096,0.12947286644154712,1,0,0,1,0,0
64,0.15636363636363626,0.4761904761904764,0.2033898305084746,0.041666666666666664,0.4153490665374136,0.27919414894440264,0,1,0,1,0,0
65,0.34545454545454546,0.5833333333333334,0.3389830508474576,0.3472222222222222,0.5111982082866742,0.28648630245104323,1,0,0,1,0,0
66,0.12363636363636359,0.369047619047619,0.3898305084745763,0.18055555555555555,0.38847754508532395,0.3290537842748238,0,1,0,1,0,0
67,0.32727272727272727,0.7142857142857144,0.2711864406779661,0.3888888888888889,0.4506777423074994,0.37402309594629285,1,0,0,1,0,0
68,0.13818181818181807,0.41666666666666685,0.3050847457627119,0.09722222222222222,0.35333272049606385,0.2910454459634718,0,1,0,1,0,0
69,0.35272727272727256,0.7499999999999999,0.4406779661016949,0.4861111111111111,0.5165925690695459,0.29603481415222505,1,0,0,1,0,0
70,0.050909090909090855,0.7023809523809524,0.3050847457627119,0.25,0.10714763249820326,0.11999554299615967,0,1,0,1,0,0
71,0.2763636363636364,0.6309523809523808,0.3050847457627119,0.3333333333333333,0.6960772843509221,0.5521763487853119,1,0,0,1,0,0
72,0.2727272727272727,0.488095238095238,0.4067796610169492,0.2361111111111111,0.2937607594725145,0.14393336779257657,0,1,0,1,0,0
73,0.498181818181818,0.6904761904761904,0.423728813559322,0.4027777777777778,0.23164413096889544,0.17294412959976802,1,0,0,1,0,0
74,0.12363636363636359,0.5238095238095238,0.3050847457627119,0.2777777777777778,0.44885594424295083,0.2688161393061311,0,1,0,1,0,0
75,0.38909090909090893,0.6428571428571429,0.3898305084745763,0.4305555555555556,0.2787434607477731,0.19458535936141108,1,0,0,1,0,0
76,0.3199999999999999,0.4404761904761906,0.3220338983050847,0.2777777777777778,0.35114322006986315,0.309056074679576,0,1,0,1,0,0
77,0.1854545454545455,0.7499999999999999,0.2033898305084746,0.3333333333333333,0.3021844863030868,0.17663044319331922,1,0,0,1,0,0
78,0.14909090909090914,0.3571428571428573,0.2542372881355932,0.2361111111111111,0.08006301081379212,0.15621798462952766,0,1,0,1,0,0
79,0.36363636363636365,0.7142857142857144,0.3898305084745763,0.3611111111111111,0.5954939746953918,0.3724724300265874,1,0,0,1,0,0
80,0.09090909090909091,0.488095238095238,0.288135593220339,0.1388888888888889,0.027402182814928615,0.1485172724374557,0,1,0,1,0,0
81,0.39272727272727265,0.5357142857142859,0.4067796610169492,0.5555555555555556,0.4180065517875351,0.24398072345838737,1,0,0,1,0,0
82,0.16727272727272732,0.6785714285714287,0.2542372881355932,0.3055555555555556,0.10560578964082175,0.2383785172414859,0,1,0,1,0,0
83,0.10909090909090909,0.7499999999999999,0.3559322033898305,0.4166666666666667,0.5297504638063879,0.17208987053022884,1,0,0,1,0,0
84,0.18909090909090895,0.5595238095238096,0.3220338983050847,0.18055555555555555,0.2903929401146564,0.19641149287962767,0,1,0,1,0,0
85,0.33454545454545437,0.8571428571428572,0.3728813559322034,0.2361111111111111,0.6336305594090024,0.2854308591803445,1,0,0,1,0,0
86,0.15272727272727257,0.7619047619047619,0.3050847457627119,0.3055555555555556,0.39221724524076124,0.24645683670342633,1,0,0,1,0,0
87,0.17454545454545445,0.654761904761905,0.288135593220339,0.2222222222222222,0.40082482325215996,0.28998071726810454,0,1,0,1,0,0
88,0.2254545454545453,0.7261904761904762,0.288135593220339,0.3472222222222222,0.6042269057846269,0.27682017537072096,1,0,0,1,0,0
89,0.24727272727272717,0.6785714285714287,0.3050847457627119,0.25,0.3080175828583846,0.2805900577862935,0,1,0,1,0,0
90,0.13090909090909095,0.5833333333333334,0.5084745762711864,0.2361111111111111,0.3481096755862348,0.2978547573873293,0,1,0,1,0,0
91,0.32727272727272727,0.5952380952380955,0.559322033898305,0.4444444444444444,0.47549765171900854,0.3667804647045534,1,0,0,1,0,0
92,0.06909090909090904,0.4761904761904764,0.22033898305084745,0.19444444444444445,0.15988785077969578,0.10000711882557933,0,1,0,1,0,0
93,0.2727272727272727,0.5952380952380955,0.23728813559322035,0.4861111111111111,0.36224950276612466,0.18399997523886763,1,0,0,1,0,0
94,0.14909090909090914,0.5000000000000001,0.2542372881355932,0.16666666666666666,0.5327631161103777,0.22228378114873082,0,1,0,1,0,0
95,0.31636363636363624,0.6904761904761904,0.6101694915254238,0.4444444444444444,0.35510019889355,0.13591695116176195,1,0,0,1,0,0
96,0.21818181818181817,0.654761904761905,0.3050847457627119,0.2777777777777778,0.1966246594574717,0.16022928808649115,0,1,0,1,0,0
97,0.29818181818181805,0.6428571428571429,0.4067796610169492,0.4583333333333333,0.3185597767043844,0.3116869450024296,1,0,0,1,0,0
98,0.03636363636363636,0.3571428571428573,0.1016949152542373,0.05555555555555555,0.5891511089568954,0.2664266900246685,0,1,0,1,0,0
99,0.4036363636363637,0.6428571428571429,0.3389830508474576,0.3888888888888889,0.5590956193277733,0.3038655222896621,1,0,0,1,0,0
100,0.1054545454545454,0.5714285714285713,0.3389830508474576,0.2847222222222222,0.5065559659708178,0.22841835171331537,0,1,0,1,0,0
101,0.3236363636363636,0.8214285714285714,0.5254237288135594,0.5625,0.5760349985793318,0.19737408190363653,1,0,0,1,0,0
102,0.2036363636363637,0.3452380952380953,0.1864406779661017,0.10416666666666667,0.6614046230215105,0.24551900881186803,0,1,0,1,0,0
103,0.2072727272727271,0.8214285714285714,0.3050847457627119,0.4305555555555556,0.7885084655111899,0.41058600315085403,1,0,0,1,0,0
104,0.2109090909090908,0.654761904761905,0.3559322033898305,0.0625,0.5825658939345825,0.3570926716333368,0,1,0,1,0,0
105,0.2763636363636364,0.6904761904761904,0.2033898305084746,0.2361111111111111,0.5117706540087914,0.37651158975755766,1,0,0,1,0,0
106,0.23636363636363636,0.488095238095238,0.4576271186440678,0.2916666666666667,0.4767678962410792,0.16367418063865136,0,1,0,1,0,0
107,0.22181818181818186,0.8214285714285714,0.3050847457627119,0.3333333333333333,0.8190779027594389,0.40590614911773,1,0,0,1,0,0
108,0.21818181818181817,0.4642857142857143,0.15254237288135594,0.13194444444444445,0.9038458324280058,0.5400062521859439,0,1,0,1,0,0
109,0.4036363636363637,0.7023809523809524,0.423728813559322,0.5763888888888888,0.7041291303839146,0.48495606446560885,1,0,0,1,0,0
110,0.21818181818181817,0.40476190476190477,0.4406779661016949,0.3125,0.3373293108923469,0.1370869146700427,0,1,0,1,0,0
111,0.4909090909090909,0.8571428571428572,0.3220338983050847,0.5277777777777778,0.42722835988032953,0.21339453459903993,1,0,0,1,0,0
112,0.2763636363636364,0.5476190476190476,0.3559322033898305,0.1388888888888889,0.5826285704735003,0.29605338500156325,0,1,0,1,0,0
113,0.3672727272727273,0.7619047619047619,0.423728813559322,0.4375,0.4887349367384799,0.18767700340775137,1,0,0,1,0,0
114,0.2727272727272727,0.9047619047619047,0.3220338983050847,0.3333333333333333,0.4919982951981417,0.07086636107302383,0,1,0,1,0,0
115,0.3854545454545455,0.6190476190476192,0.4067796610169492,0.3819444444444444,0.5357339840550882,0.18520089016271238,1,0,0,1,0,0
116,0.23636363636363636,0.4642857142857143,0.2711864406779661,0.05555555555555555,0.6468260600691952,0.38562368649930245,0,1,0,1,0,0
117,0.18909090909090895,0.8809523809523809,0.4576271186440678,0.2986111111111111,0.7789649178519495,0.2017289460733494,1,0,0,1,0,0
118,0.13090909090909095,0.4642857142857143,0.288135593220339,0.18055555555555555,0.5566345205662614,0.964275876157196,0,1,0,1,0,0
119,0.32727272727272727,0.654761904761905,0.288135593220339,0.1736111111111111,0.7063938426568169,0.2843351790694154,1,0,0,1,0,0
120,0.14909090909090914,0.488095238095238,0.2542372881355932,0.125,0.589477026959269,0.25507061565460715,0,1,0,1,0,0
121,0.2036363636363637,0.7976190476190477,0.4406779661016949,0.2222222222222222,0.6177650381909041,0.18351403801452837,1,0,0,1,0,0
122,0.2945454545454546,0.4642857142857143,0.06779661016949153,0.20833333333333334,0.6998963747889887,0.435842358250255,0,1,0,1,0,0
123,0.3381818181818181,0.6428571428571429,0.5084745762711864,0.3263888888888889,0.8199846233557859,0.49284867543417066,1,0,0,1,0,0
124,0.11272727272727277,0.3333333333333334,0.23728813559322035,0.09722222222222222,0.49492737878357373,0.32949329437581815,0,1,0,1,0,0
125,0.3090909090909091,0.7023809523809524,0.4576271186440678,0.3611111111111111,0.6656958767194264,0.4365016234017459,1,0,0,1,0,0
126,0.24363636363636348,0.5357142857142859,0.3220338983050847,0.1597222222222222,0.5217947217997356,0.3470056053013584,0,1,0,1,0,0
127,0.34181818181818174,0.6190476190476192,0.3898305084745763,0.4444444444444444,0.3733265364108908,0.30766945126235373,1,0,0,1,0,0
128,0.25090909090909086,0.4761904761904764,0.3220338983050847,0.09722222222222222,0.6510462803563372,0.3965866778917133,0,1,0,1,0,0
129,0.43636363636363634,0.5833333333333334,0.6440677966101694,0.3611111111111111,0.6162440875131623,0.31103387013405104,1,0,0,1,0,0
130,0.23272727272727267,0.5714285714285713,0.3050847457627119,0.1736111111111111,0.5650916748842575,0.44538467966832446,0,1,0,1,0,0
131,0.4,0.7261904761904762,0.423728813559322,0.2222222222222222,0.5150966890073709,0.2720443719493509,1,0,0,1,0,0
132,0.17090909090909076,0.6428571428571429,0.3559322033898305,0.2222222222222222,0.566115391686584,0.44634107840922094,0,1,0,1,0,0
133,0.19636363636363632,0.6428571428571429,0.4576271186440678,0.4930555555555556,0.3906336180241015,0.16269921104841778,1,0,0,1,0,0
134,0.21818181818181817,0.5357142857142859,0.2542372881355932,0.2013888888888889,0.4532767294546308,0.3834973242501252,0,1,0,1,0,0
135,0.32727272727272727,0.5238095238095238,0.3050847457627119,0.3333333333333333,0.5479809797596563,0.2937629802499018,1,0,0,1,0,0
136,0.12727272727272726,0.5238095238095238,0.3220338983050847,0.13194444444444445,0.47117714896959795,0.322383754221,0,1,0,1,0,0
137,0.2945454545454546,0.8333333333333335,0.4745762711864407,0.3541666666666667,0.5548043656298575,0.21434783819838024,1,0,0,1,0,0
138,0.17818181818181814,0.40476190476190477,0.22033898305084745,0.19444444444444445,0.4112876268155304,0.2935215592085108,0,1,0,1,0,0
139,0.2763636363636364,0.5714285714285713,0.3559322033898305,0.4305555555555556,0.6792005816382813,0.349924323788949,1,0,0,1,0,0
140,0.2945454545454546,0.4761904761904764,0.3559322033898305,0.19444444444444445,0.6919072052949141,0.4546082015060962,0,1,0,1,0,0
141,0.3090909090909091,0.488095238095238,0.2542372881355932,0.2152777777777778,0.6693352944125958,0.3104581738045792,1,0,0,1,0,0
142,0.0,0.28571428571428575,0.2711864406779661,0.09722222222222222,0.48706774080326243,0.12621677752432062,0,1,0,1,0,0
143,0.3127272727272728,0.4642857142857143,0.3050847457627119,0.2847222222222222,0.5952349116678644,0.37861319087428436,1,0,0,1,0,0
144,0.18909090909090895,0.4404761904761906,0.3389830508474576,0.08333333333333333,0.6000610051645465,0.36105135768384405,0,1,0,1,0,0
145,0.25090909090909086,0.6666666666666666,0.22033898305084745,0.2638888888888889,0.6635899450117835,0.30459907083850474,1,0,0,1,0,0
146,0.25818181818181823,0.654761904761905,0.3050847457627119,0.4305555555555556,0.617514332035233,0.3785512880431585,1,0,0,1,0,0
147,0.16363636363636364,0.6309523809523808,0.2033898305084746,0.2152777777777778,0.44092527285186633,0.3676842460389926,0,1,0,1,0,0
148,0.14181818181818176,0.5595238095238096,0.3898305084745763,0.20833333333333334,0.5478430913740369,0.37966553900342687,0,1,0,1,0,0
149,0.2072727272727271,0.5952380952380955,0.3559322033898305,0.2916666666666667,0.5612182647791277,0.3044350283360216,1,0,0,1,0,0
150,0.14181818181818176,0.4761904761904764,0.2542372881355932,0.2777777777777778,0.5442203874245791,0.2933358507151322,0,1,0,1,0,0
151,0.34181818181818174,0.6428571428571429,0.4915254237288136,0.3611111111111111,0.5282378700005014,0.2936886968525512,1,0,0,1,0,0
152,0.5236363636363636,0.5714285714285713,0.3389830508474576,0.2222222222222222,0.5879686115893102,0.8407178252297368,0,1,0,0,1,0
153,0.6509090909090909,0.7619047619047619,0.4067796610169492,0.3333333333333333,0.538387290869282,0.8612602797388935,1,0,0,0,1,0
154,0.698181818181818,0.7261904761904762,0.3559322033898305,0.2638888888888889,0.6930270261235815,0.70038101192558,1,0,0,0,1,0
155,0.48363636363636353,0.6666666666666666,0.2711864406779661,0.22916666666666666,0.424031856395514,0.7401628663486924,0,1,0,0,1,0
156,0.7490909090909091,0.7976190476190477,0.423728813559322,0.2847222222222222,0.5742090220788556,0.7427937366715459,1,0,0,0,1,0
157,0.47636363636363643,0.5595238095238096,0.4406779661016949,0.3472222222222222,0.5253213217228525,0.7812787267825687,0,1,0,0,1,0
158,0.509090909090909,0.6071428571428571,0.1016949152542373,0.1527777777777778,0.5116244087513164,0.762054802576396,0,1,0,0,1,0
159,0.698181818181818,0.6071428571428571,0.423728813559322,0.2916666666666667,0.4198534204676506,0.6741063552541577,1,0,0,0,1,0
160,0.5054545454545454,0.6904761904761904,0.3898305084745763,0.4027777777777778,0.3507922314519233,0.8438129667860352,0,1,0,0,1,0
161,0.698181818181818,0.8095238095238093,0.4406779661016949,0.2777777777777778,0.48620698300212245,0.8225833908513798,1,0,0,0,1,0
162,0.5272727272727272,0.5595238095238096,0.3559322033898305,0.3055555555555556,0.5508975280373053,0.7488911655374553,0,1,0,0,1,0
163,0.7127272727272728,0.8571428571428572,0.3728813559322034,0.2986111111111111,0.44093780815964945,0.8143410288869563,1,0,0,0,1,0
164,0.5418181818181818,0.5000000000000001,0.22033898305084745,0.2777777777777778,0.4546848623623209,0.6850414903725619,0,1,0,0,1,0
165,0.7236363636363636,0.5952380952380955,0.4915254237288136,0.375,0.5812622219250894,0.8137777131237091,1,0,0,0,1,0
166,0.5018181818181817,0.4761904761904764,0.3050847457627119,0.24305555555555555,0.6228251240995468,0.6556438358708334,0,1,0,0,1,0
167,0.6690909090909091,0.773809523809524,0.4915254237288136,0.375,0.908266617639685,0.7085212342186473,1,0,0,0,1,0
168,0.6618181818181816,0.8214285714285714,0.423728813559322,0.16666666666666666,0.9978063211378716,0.764964235639317,1,0,0,0,1,0
169,0.9418181818181818,0.5595238095238096,0.15254237288135594,0.2777777777777778,0.6316207317276997,0.7547812199190926,0,1,0,0,1,0
170,0.5199999999999999,0.654761904761905,0.3050847457627119,0.20833333333333334,0.705675151677224,0.7356903867998402,0,1,0,0,1,0
171,0.6218181818181818,0.6071428571428571,0.3898305084745763,0.4722222222222222,0.6850044291420837,0.7351549273105998,1,0,0,0,1,0
172,0.37454545454545446,0.5000000000000001,0.15254237288135594,0.25,0.7183483478464345,0.7213660716772883,0,1,0,0,1,0
173,0.5963636363636363,0.5238095238095238,0.3220338983050847,0.19444444444444445,0.7498036135113906,0.8526465007877126,1,0,0,0,1,0
174,0.4036363636363637,0.41666666666666685,0.2542372881355932,0.05555555555555555,0.7195099530343804,0.6210989609609797,0,1,0,0,1,0
175,0.6727272727272727,0.7499999999999999,0.3559322033898305,0.3055555555555556,0.6891619728903078,0.6336373794055465,1,0,0,0,1,0
176,0.530909090909091,0.5714285714285713,0.3898305084745763,0.16666666666666666,0.8813324196486776,0.750222076406664,0,1,0,0,1,0
177,0.7236363636363636,0.7023809523809524,0.423728813559322,0.4027777777777778,0.7252887299226157,0.7883696960880509,1,0,0,0,1,0
178,0.6690909090909091,0.6309523809523808,0.4745762711864407,0.19444444444444445,0.5464140662867075,0.9682747990479337,0,1,0,0,1,0
179,0.6327272727272727,0.7023809523809524,0.4745762711864407,0.3055555555555556,0.8350771339272283,0.8269289695964241,1,0,0,0,1,0
180,0.5199999999999999,0.5595238095238096,0.3220338983050847,0.2777777777777778,0.7276704384014976,0.770560251573105,0,1,0,0,1,0
181,0.7527272727272726,0.8214285714285714,0.559322033898305,0.5138888888888888,0.6767269475689862,0.7187413916375459,1,0,0,0,1,0
182,0.3199999999999999,0.41666666666666685,0.2542372881355932,0.1388888888888889,0.6068676772910369,0.7643483024696137,0,1,0,0,1,0
183,0.8036363636363637,0.9166666666666667,0.4915254237288136,0.4444444444444444,0.777452324046063,0.7485847465233822,1,0,0,0,1,0
184,0.3781818181818181,0.4285714285714285,0.2542372881355932,0.18055555555555555,0.7247413548160656,0.7943959366981647,0,1,0,0,1,0
185,0.6872727272727273,0.6785714285714287,0.5254237288135594,0.3888888888888889,0.6684494659958888,0.8807906229591402,1,0,0,0,1,0
186,0.64,0.654761904761905,0.3898305084745763,0.25,0.8869398806638703,0.8377186330616833,1,0,0,0,1,0
187,0.5599999999999999,0.4404761904761906,0.4576271186440678,0.3333333333333333,0.6042227273486992,0.5797323940610428,0,1,0,0,1,0
188,0.5636363636363636,0.6190476190476192,0.3898305084745763,0.3194444444444444,0.5025906302752754,0.7304379315788004,0,1,0,0,1,0
189,0.7236363636363636,0.9047619047619047,0.6440677966101694,0.5833333333333334,0.7518092627567647,0.7224493712219926,1,0,0,0,1,0
190,0.5381818181818181,0.41666666666666685,0.3389830508474576,0.0,0.9082624392037573,0.7060605966813893,0,1,0,0,1,0
191,0.7781818181818181,0.8095238095238093,0.559322033898305,0.5,1.0,0.6531924837582449,1,0,0,0,1,0
192,0.6145454545454545,0.7619047619047619,0.6440677966101694,0.3472222222222222,0.7940783206030319,0.7273180288900515,1,0,0,0,1,0
193,0.5127272727272728,0.5238095238095238,0.2542372881355932,0.2638888888888889,0.8294780297838916,0.7294196300067781,0,1,0,0,1,0
194,0.6836363636363635,0.7142857142857144,0.4067796610169492,0.2361111111111111,0.999281309020408,0.6662601714089398,1,0,0,0,1,0
195,0.48727272727272725,0.4642857142857143,0.4067796610169492,0.2222222222222222,0.724010128528689,0.7291998749562805,0,1,0,0,1,0
196,0.6836363636363635,0.5714285714285713,0.4067796610169492,0.2708333333333333,0.7540572612859556,0.8830067443134512,0,1,0,0,1,0
197,0.6799999999999998,0.6428571428571429,0.4915254237288136,0.4861111111111111,0.7630116494793673,0.8241711984697616,1,0,0,0,1,0
198,0.6545454545454545,0.5714285714285713,0.3050847457627119,0.19444444444444445,0.7671566579198075,0.7927678922395514,0,1,0,0,1,0
199,0.6145454545454545,0.773809523809524,0.6779661016949152,0.4444444444444444,0.7139651685581053,0.7944145075475028,1,0,0,0,1,0
200,0.7054545454545454,0.6666666666666666,0.2542372881355932,0.1527777777777778,0.8596296234393546,0.8009978736377502,1,0,0,0,1,0
201,0.6436363636363635,0.5000000000000001,0.4406779661016949,0.2708333333333333,0.7059425715766077,0.805640585972199,0,1,0,0,1,0
202,0.5818181818181818,0.39285714285714274,0.4576271186440678,0.1736111111111111,0.7676162858718729,0.784466722585557,0,1,0,0,1,0
203,0.7018181818181817,0.7023809523809524,0.4915254237288136,0.3472222222222222,0.7544667480068863,0.8222305447139618,1,0,0,0,1,0
204,0.4945454545454546,0.5000000000000001,0.3559322033898305,0.25,0.7449315572195013,0.685121964053026,0,1,0,0,1,0
205,0.6763636363636364,0.7857142857142856,0.5254237288135594,0.375,0.9631587304240278,0.7514632281707403,1,0,0,0,1,0
206,0.3781818181818181,0.5000000000000001,0.2542372881355932,0.18055555555555555,0.8077501629590016,0.7458424511045006,0,1,0,0,1,0
207,0.730909090909091,0.6785714285714287,0.423728813559322,0.20833333333333334,0.8954722468285674,0.7594641690937729,1,0,0,0,1,0
208,0.47636363636363643,0.41666666666666685,0.3220338983050847,0.1527777777777778,0.8320811953669507,0.6898141986523747,0,1,0,0,1,0
209,0.6254545454545453,0.8095238095238093,0.5254237288135594,0.375,0.9426091825307952,0.7500796998950742,1,0,0,0,1,0
210,0.6581818181818182,0.6785714285714287,0.5084745762711864,0.3055555555555556,0.8827865153515739,0.8092371404606187,1,0,0,0,1,0
211,0.4909090909090909,0.7499999999999999,0.3728813559322034,0.22916666666666666,0.7678502782838326,0.7306638769124105,0,1,0,0,1,0
212,0.7199999999999999,0.7619047619047619,0.576271186440678,0.3472222222222222,0.46012171657238626,1.0,1,0,0,0,1,0
213,0.5345454545454544,0.40476190476190477,0.288135593220339,0.2638888888888889,0.8433796861158933,0.7852405079746322,0,1,0,0,1,0
214,0.4945454545454546,0.4642857142857143,0.3898305084745763,0.2638888888888889,0.6831533820260405,0.8355087019904848,0,1,0,0,1,0
215,0.8618181818181817,0.7976190476190477,0.5932203389830508,0.3611111111111111,0.8659599538700679,0.7687093569224389,1,0,0,0,1,0
216,0.4145454545454545,0.5952380952380955,0.5084745762711864,0.19444444444444445,0.728669084588257,0.8081445554912448,0,1,0,0,1,0
217,0.6363636363636364,0.6071428571428571,0.3559322033898305,0.2986111111111111,0.7644866373619029,0.7157174383370418,1,0,0,0,1,0
218,0.6799999999999998,0.7023809523809524,0.6440677966101694,0.3888888888888889,0.9811970383246144,0.7215177336135467,1,0,0,0,1,0
219,0.6581818181818182,0.6666666666666666,0.4406779661016949,0.2986111111111111,0.7357598903578416,0.8561130593307683,0,1,0,0,1,0
220,0.509090909090909,0.011904761904761862,0.6610169491525424,0.5,0.15075796827731455,0.46570737912698457,0,1,0,0,0,1
221,0.6509090909090909,0.38095238095238104,0.9830508474576272,0.8333333333333334,0.21533987397837256,0.5029140757752558,1,0,0,0,0,1
222,0.6036363636363636,0.11904761904761904,0.6440677966101694,0.4861111111111111,0.21512677374605144,0.4818578277677531,0,1,0,0,0,1
223,0.6509090909090909,0.24999999999999994,0.7796610169491526,0.8333333333333334,0.26040012702445214,0.5007289058365089,1,0,0,0,0,1
224,0.5636363636363636,0.1666666666666667,0.7288135593220338,0.75,0.2516671959352178,0.45621767511537126,1,0,0,0,0,1
225,0.5236363636363636,0.04761904761904766,0.6440677966101694,0.5138888888888888,0.15171900854072315,0.5231563015534518,0,1,0,0,0,1
226,0.48363636363636353,0.17857142857142858,0.6610169491525424,0.5833333333333334,0.2561172301983924,0.4799697914184107,0,1,0,0,0,1
227,0.530909090909091,0.26190476190476203,0.7966101694915254,0.6944444444444444,0.24842055121926757,0.4924184507578449,1,0,0,0,0,1
228,0.4072727272727271,0.035714285714285796,0.6271186440677966,0.4722222222222222,0.21068927479066066,0.5251774289897144,0,1,0,0,0,1
229,0.5345454545454544,0.2738095238095239,0.7288135593220338,0.6805555555555556,0.2218331634102723,0.507098707159372,1,0,0,0,0,1
230,0.3199999999999999,0.07142857142857138,0.711864406779661,0.5416666666666666,0.23549247045845823,0.5030347862959512,0,1,0,0,0,1
231,0.6145454545454545,0.3571428571428573,0.7457627118644068,0.7916666666666666,0.19720964048737272,0.46827015633559993,1,0,0,0,0,1
232,0.48727272727272725,0.07142857142857138,0.711864406779661,0.5416666666666666,0.06038675602948305,0.4957612036386489,0,1,0,0,0,1
233,0.5927272727272727,0.17857142857142858,0.6949152542372882,0.875,0.07880530159950533,0.4761225304639303,1,0,0,0,0,1
234,0.498181818181818,0.17857142857142858,0.6440677966101694,0.4166666666666667,0.06993866056057882,0.43095512973285793,0,1,0,0,0,1
235,0.6254545454545453,0.3095238095238095,0.7627118644067796,0.875,0.1835043706439805,0.462355340821512,1,0,0,0,0,1
236,0.35999999999999993,0.04761904761904766,0.6440677966101694,0.4027777777777778,0.002774481456101344,0.46187868902184237,0,1,0,0,0,1
237,0.6218181818181818,0.24999999999999994,0.8305084745762712,1.0,0.26807173538800927,0.6242436247821793,1,0,0,0,0,1
238,0.5127272727272728,0.1666666666666667,0.6271186440677966,0.5833333333333334,0.08706606942889118,0.5074639338630147,0,1,0,0,0,1
239,0.6036363636363636,0.23809523809523808,0.847457627118644,0.7361111111111112,0.13902074175594578,0.5022393349159828,1,0,0,0,0,1
240,0.6581818181818182,0.142857142857143,0.7796610169491526,0.8333333333333334,0.11031070849559604,0.5079374905211292,1,0,0,0,0,1
241,0.4727272727272727,0.1666666666666667,0.7288135593220338,0.6388888888888888,0.0,0.4806290565699027,0,1,0,0,0,1
242,0.5236363636363636,0.1666666666666667,0.6949152542372882,0.4722222222222222,0.11372031221273235,0.5026014664780692,0,1,0,0,0,1
243,0.5163636363636362,0.32142857142857156,0.7288135593220338,0.6527777777777778,0.11595577543413929,0.5066653873414901,1,0,0,0,0,1
244,0.39272727272727265,0.0,0.7288135593220338,0.6388888888888888,0.022179137905099188,0.50349596238784,0,1,0,0,0,1
245,0.509090909090909,0.23809523809523808,0.7288135593220338,0.6666666666666666,0.08571225618826345,0.4922141714151292,1,0,0,0,0,1
246,0.45090909090909087,0.142857142857143,0.7457627118644068,0.3888888888888889,0.13956393842656825,0.41018982503164847,0,0,0,0,0,1
247,0.5709090909090907,0.22619047619047622,0.7288135593220338,0.8194444444444444,0.12175126606608624,0.4750144697867754,1,0,0,0,0,1
248,0.5854545454545456,0.142857142857143,0.6440677966101694,0.5277777777777778,0.023608162992428582,0.46749946608808207,0,1,0,0,0,1
249,0.6509090909090909,0.26190476190476203,0.8135593220338984,0.7916666666666666,0.28118784576557276,0.5659063967290549,1,0,0,0,0,1
250,0.5527272727272726,0.26190476190476203,0.847457627118644,0.7083333333333334,0.46012171657238626,0.41234975694302145,1,0,0,0,0,1
251,0.38909090909090893,0.1309523809523809,0.6271186440677966,0.5555555555555556,0.0009693971352643697,0.4813780808265262,0,1,0,0,0,1
252,0.4727272727272727,0.1666666666666667,0.5932203389830508,0.6527777777777778,0.14285236750179664,0.4583471325061047,0,1,0,0,0,1
253,1.0,0.4642857142857143,0.9830508474576272,0.9305555555555556,0.05692283264528435,0.4136470981500345,1,0,0,0,0,1
254,0.6181818181818182,0.2023809523809525,0.8135593220338984,0.6805555555555556,0.1108288345506508,0.11900509769814407,0,1,0,0,0,1
255,0.5927272727272727,0.38095238095238104,0.8135593220338984,0.75,0.16897177048687148,0.04867729125591569,1,0,0,0,0,1
256,0.38181818181818183,0.07142857142857138,0.6949152542372882,0.625,0.14087596730791743,0.09559654210785408,0,1,0,0,0,1
257,0.44727272727272716,0.5000000000000001,0.7966101694915254,0.7083333333333334,0.21111965369123062,0.07044851696292388,1,0,0,0,0,1
258,0.4327272727272727,0.05952380952380952,0.6101694915254238,0.4583333333333333,0.16195199812806085,0.10382033322294058,0,1,0,0,0,1
259,0.6036363636363636,0.3095238095238095,0.6101694915254238,0.7361111111111112,0.21542344269692965,0.05369451571867678,1,0,0,0,0,1
260,0.3854545454545455,0.07142857142857138,0.6101694915254238,0.3472222222222222,0.21455014958800658,0.13119376514684913,0,1,0,0,0,1
261,0.6363636363636364,0.3452380952380953,0.8983050847457628,0.8333333333333334,0.31381725192625926,0.05441877884285083,1,0,0,0,0,1
262,0.47999999999999987,0.07142857142857138,0.6440677966101694,0.4444444444444444,0.31085474085340414,0.08995409905072005,0,1,0,0,0,1
263,0.6363636363636364,0.22619047619047622,0.7457627118644068,0.5694444444444444,0.26461199043973865,0.07695759965582073,1,0,0,0,0,1
264,0.6690909090909091,0.3333333333333334,0.847457627118644,0.7916666666666666,0.34962644782804897,0.1281945729787956,1,0,0,0,0,1
265,0.41818181818181815,0.09523809523809532,0.7627118644067796,0.6111111111111112,0.26708980294496143,0.0749148062286637,0,1,0,0,0,1
266,0.48727272727272725,0.09523809523809532,0.6440677966101694,0.4166666666666667,0.35353328542060114,0.12400994159467935,0,1,0,0,0,1
267,0.6690909090909091,0.3333333333333334,0.8983050847457628,0.75,0.4286364927880197,0.1370188215558045,1,0,0,0,0,1
268,0.46545454545454534,0.023809523809523937,0.6949152542372882,0.6666666666666666,0.3424102889806288,0.03779167840241269,0,1,0,0,0,1
269,0.47636363636363643,0.32142857142857156,0.7288135593220338,0.7222222222222222,0.38712373184469623,0.1054050456997651,1,0,0,0,0,1
270,0.5272727272727272,0.1309523809523809,0.6440677966101694,0.5972222222222222,0.31367100666878367,0.04798088440574837,0,1,0,0,0,1
271,0.5963636363636363,0.11904761904761904,0.8135593220338984,0.7222222222222222,0.320264578562952,0.06962830445050489,1,0,0,0,0,1
272,0.4727272727272727,0.15476190476190485,0.6440677966101694,0.4722222222222222,0.3707567983152548,0.0,0,1,0,0,0,1
273,0.6545454545454545,0.22619047619047622,0.8983050847457628,0.6388888888888888,0.3632439705169564,0.12516752453673535,1,0,0,0,0,1
274,0.5236363636363636,0.15476190476190485,0.7627118644067796,0.6111111111111112,0.3575445839113504,0.058337228053125564,0,1,0,0,0,1
275,0.46909090909090906,0.2738095238095239,0.8135593220338984,0.6527777777777778,0.418963413615016,0.0811948484463943,1,0,0,0,0,1
276,0.4254545454545453,0.09523809523809532,0.6101694915254238,0.4444444444444444,0.39736507830388934,0.05397617360030033,0,1,0,0,0,1
277,0.48727272727272725,0.22619047619047622,0.8135593220338984,0.6388888888888888,0.4194481121826476,0.08345739692404903,1,0,0,0,0,1
278,0.4036363636363637,0.1666666666666667,0.6101694915254238,0.4861111111111111,0.35578128394979197,0.04756923057876078,0,1,0,0,0,1
279,0.6654545454545453,0.26190476190476203,0.8813559322033898,0.7916666666666666,0.4655905801340444,0.06811787537103094,1,0,0,0,0,1
280,0.47999999999999987,0.08333333333333345,0.6101694915254238,0.4166666666666667,0.4253438852768632,0.07057232262517556,0,1,0,0,0,1
281,0.5127272727272728,0.21428571428571436,0.8305084745762712,0.7222222222222222,0.4047734452039914,0.054103074404108185,1,0,0,0,0,1
282,0.4945454545454546,0.09523809523809532,0.711864406779661,0.4722222222222222,0.4163811402115961,0.1280460061840934,0,1,0,0,0,1
283,0.8072727272727271,0.3095238095238095,1.0,0.8194444444444444,0.36119235847637515,0.05474686384781821,1,0,0,0,0,1
284,0.498181818181818,0.1309523809523809,0.7966101694915254,0.5555555555555556,0.40625678995838244,0.12458873306570735,0,1,0,0,0,1
285,0.6436363636363635,0.4404761904761906,0.9830508474576272,0.8333333333333334,0.3503493172435695,0.10117398719230498,1,0,0,0,0,1
286,0.5127272727272728,0.15476190476190485,0.711864406779661,0.5416666666666666,0.25502247998529204,0.06287470557465977,0,0,0,0,0,1
287,0.6327272727272727,0.369047619047619,0.9661016949152542,0.8611111111111112,0.361994618174525,0.08370810339010856,1,0,0,0,0,1
288,0.4145454545454545,0.1309523809523809,0.8135593220338984,0.5555555555555556,0.4249928966589226,0.10209943451763856,0,1,0,0,0,1
289,0.6763636363636364,0.22619047619047622,0.864406779661017,0.7916666666666666,0.41922665507847107,0.08544138266163641,1,0,0,0,0,1
290,0.5672727272727274,0.22619047619047622,0.7457627118644068,0.5694444444444444,0.37521518945028487,0.09007790471297282,0,1,0,0,0,1
291,0.5199999999999999,0.2976190476190476,0.8305084745762712,0.6388888888888888,0.30025404890441426,0.09616914329576863,1,0,0,0,0,1
292,0.5854545454545456,0.2976190476190476,0.8305084745762712,0.6666666666666666,0.25668549748458186,0.10800805974861304,1,0,0,0,0,1
293,0.5236363636363636,0.2023809523809525,0.7627118644067796,0.6944444444444444,0.39806705553977056,0.13174160520231423,0,1,0,0,0,1
294,0.5199999999999999,0.22619047619047622,0.7457627118644068,0.5555555555555556,0.3539887349367388,0.019759383695414082,0,1,0,0,0,1
295,0.6,0.3452380952380953,0.9830508474576272,0.8611111111111112,0.4028847921645966,0.09488156440834856,1,0,0,0,0,1
296,0.5599999999999999,0.1309523809523809,0.6271186440677966,0.5277777777777778,0.3178912269559256,0.07156276792319115,0,1,0,0,0,1
297,0.6909090909090909,0.38095238095238104,0.8135593220338984,0.9166666666666666,0.3221866590897692,0.07748067857883527,1,0,0,0,0,1
298,0.47636363636363643,0.08333333333333345,0.7288135593220338,0.5694444444444444,0.25686517022947986,0.11295719109713483,0,1,0,0,0,1
299,0.47636363636363643,0.39285714285714274,0.864406779661017,0.9027777777777778,0.23620280456619486,0.1111867701269317,1,0,0,0,0,1
300,0.6181818181818182,0.1666666666666667,0.6779661016949152,0.5347222222222222,0.30327923651618716,0.22964093262805452,0,1,0,0,0,1
301,0.7418181818181818,0.2976190476190476,0.8305084745762712,0.7638888888888888,0.273190319399642,0.22991020994345224,1,0,0,0,0,1
302,0.5563636363636363,0.17857142857142858,0.6779661016949152,0.5625,0.2334951780849394,0.239827043489834,0,1,0,0,0,1
303,0.6509090909090909,0.3333333333333334,0.8813559322033898,0.7361111111111112,0.23742708629305853,0.192446616546008,1,0,0,0,0,1
304,0.46545454545454534,0.08333333333333345,0.6779661016949152,0.5694444444444444,0.20064013638414865,0.2521983242903615,0,1,0,0,0,1
305,0.6799999999999998,0.5000000000000001,0.9491525423728814,0.8055555555555556,0.26828901405625816,0.2223394936967443,1,0,0,0,0,1
306,0.4109090909090908,0.15476190476190485,0.7796610169491526,0.5277777777777778,0.2517424077819194,0.2576860102696798,0,1,0,0,0,1
307,0.698181818181818,0.1309523809523809,0.7796610169491526,0.7222222222222222,0.21813942605004125,0.2089963384475394,1,0,0,0,0,1
308,0.5599999999999999,0.10714285714285718,0.6779661016949152,0.6041666666666666,0.20671140378733455,0.24216697050639657,0,1,0,0,0,1
309,0.7272727272727273,0.4642857142857143,0.9830508474576272,0.7916666666666666,0.2689868128562116,0.27917248295350827,1,0,0,0,0,1
310,0.5599999999999999,0.22619047619047622,0.7796610169491526,0.625,0.2776612458424559,0.28879837319359797,0,1,0,0,0,1
311,0.730909090909091,0.4761904761904764,0.9491525423728814,0.75,0.30703565041533676,0.3467177571366225,1,0,0,0,0,1
312,0.48727272727272725,0.1666666666666667,0.6779661016949152,0.5694444444444444,0.2187244070799415,0.24453475379696482,0,1,0,0,0,1
313,0.6327272727272727,0.3571428571428573,0.8813559322033898,0.8194444444444444,0.5019638648860959,0.41059838371707985,1,0,0,0,0,1
314,0.45090909090909087,0.19047619047619044,0.711864406779661,0.5972222222222222,0.23769450619244206,0.2641084289990003,0,1,0,0,0,1
315,0.6799999999999998,0.3095238095238095,0.9152542372881356,0.6944444444444444,0.26692684394377497,0.2804507764162598,1,0,0,0,0,1
316,0.629090909090909,0.32142857142857156,0.7457627118644068,0.6180555555555556,0.16882552522939587,0.29484318465304993,1,0,0,0,0,1
317,0.5381818181818181,0.17857142857142858,0.847457627118644,0.6041666666666666,0.10692617539402635,0.30062490908021655,0,1,0,0,0,1
318,0.5927272727272727,0.15476190476190485,0.5254237288135594,0.5347222222222222,0.22296969798265118,0.27201032539223174,0,1,0,0,0,1
319,0.6909090909090909,0.40476190476190477,0.8983050847457628,0.7083333333333334,0.24000935969647838,0.20115634488543377,1,0,0,0,0,1
320,0.5963636363636363,0.22619047619047622,0.7966101694915254,0.5972222222222222,0.19643245140478982,0.2571784070544473,0,1,0,0,0,1
321,0.8654545454545454,0.4642857142857143,0.9491525423728814,0.8055555555555556,0.2839665056576022,0.20560715844339159,1,0,0,0,0,1
322,0.5490909090909092,0.28571428571428575,0.7288135593220338,0.6319444444444444,0.282449733415788,0.2482396382398553,0,1,0,0,0,1
323,0.6181818181818182,0.22619047619047622,0.9491525423728814,0.7777777777777778,0.4291002991760128,0.3796222070216381,1,0,0,0,0,1
324,0.5527272727272726,0.08333333333333345,0.7457627118644068,0.5625,0.26156173221239803,0.24132199686152703,0,0,0,0,0,1
325,0.5345454545454544,0.3571428571428573,0.7288135593220338,0.7777777777777778,0.288892881616553,0.2974369132772293,1,0,0,0,0,1
326,0.3490909090909091,0.19047619047619044,0.6440677966101694,0.5555555555555556,0.2051235981347464,0.17654377922974393,0,1,0,0,0,1
327,0.7745454545454544,0.32142857142857156,0.7966101694915254,0.7777777777777778,0.3250697798799957,0.2104293889881055,1,0,0,0,0,1
328,0.4072727272727271,0.10714285714285718,0.6101694915254238,0.5208333333333334,0.3294696729120356,0.19735241591274216,0,1,0,0,0,1
329,0.5818181818181818,0.23809523809523808,0.6271186440677966,0.7777777777777778,0.3447961758954391,0.24510425984332426,1,0,0,0,0,1
330,0.6690909090909091,0.24999999999999994,0.7457627118644068,0.6388888888888888,0.256852634921696,0.2580976640966674,0,1,0,0,0,1
331,0.6436363636363635,0.3333333333333334,0.9661016949152542,0.9027777777777778,0.27580184185455725,0.25019576770343593,1,0,0,0,0,1
332,0.4145454545454545,0.24999999999999994,0.6949152542372882,0.5416666666666666,0.24407915629021773,0.2810636144444069,0,1,0,0,0,1
333,0.7054545454545454,0.38095238095238104,0.9830508474576272,0.7777777777777778,0.48192826461199045,0.38908095961768846,1,0,0,0,0,1
334,0.5127272727272728,0.11904761904761904,0.7627118644067796,0.4652777777777778,0.2800011699620599,0.32759287746025095,0,1,0,0,0,1
335,0.8363636363636363,0.3452380952380953,0.9830508474576272,0.875,0.1885895271681901,0.25904168227133917,1,0,0,0,0,1
336,0.45090909090909087,0.3095238095238095,0.7627118644067796,0.6041666666666666,0.17086042352626554,0.25816575721090673,0,0,0,0,0,1
337,0.6072727272727271,0.369047619047619,0.847457627118644,0.9166666666666666,0.2950184686868013,0.35070120431957924,1,0,0,0,0,1
338,0.5490909090909092,0.07142857142857138,0.711864406779661,0.6180555555555556,0.1502732697096822,0.2516845307920155,0,1,0,0,0,1
340,0.5345454545454544,0.142857142857143,0.7288135593220338,0.5972222222222222,0.325629690294329,0.27244055006855755,0,1,0,0,0,1
341,0.6654545454545453,0.3095238095238095,0.847457627118644,0.8472222222222222,0.2797295716267487,0.3025098502880028,1,0,0,0,0,1
342,0.47636363636363643,0.2023809523809525,0.6779661016949152,0.6944444444444444,0.2549932309337966,0.27820679878794324,0,1,0,0,0,1
343,0.6472727272727272,0.3571428571428573,0.6949152542372882,0.75,0.3057361568417707,0.2671819045644055,1,0,0,0,0,1
